"","Cm_Smono","Cw_Smono"
"1",0.580503144654088,0.481320754716981
