"","Cm_Squad","Cw_Squad"
"1",0.996540880503145,0.294025157232705
